ResidueIndex,AverageContacts
1,1.149315
2,0.76468
3,0.29503
4,0.74686
5,1.04584
6,0.32516
7,0.194895
