system,mean,std,se,n_frames
S1,0.18009076923076925,0.20989820310396226,0.000469346650495517,200000
