system,mean,std,se,n_frames
S2,0.2501696153846154,0.2152132235380784,0.0004812313974880011,200000
